mackay_no,field_no,area,block,level_ft,phase_estimate,context
78,,,Main Street,-5.9,Late I,"hape of the Sumerian seals have been found at Mohenjo-daro (No. 78 at the level -5-9 ft.; No. 376 at -11-8 ft.; and No, 488 at -14-5 ft.). All three, it will be obser"
376,,,Main Street,-11.8,Intermediate I,"e been found at Mohenjo-daro (No. 78 at the level -5-9 ft.; No. 376 at -11-8 ft.; and No, 488 at -14-5 ft.). All three, it will be observed, come from the upper strata"
701,SD 3192,SD,1,-1.1,Late I,"e, that enters it at its northern end. In Divinity Street a seal, No. 701 (SD 3192 ; Pl. LXX XII), was found at the level -1-1 ft., and the white stone marble (SD 3215; Pl."
698,SD 3058,SD,1,0.1,Late I,"y, do not assist_us very much in determining its purpose. A seal, No. 698 (SD 3058 ; Pl. LX XXII) was found at the level +0-1 ft. in the fenestrated court and an amuletic cl"
697,,,Main Street,,,"nt city. Close to the entrance to the well-room in Block 6, seal 697 in Pl. LXXXIT was unearthed in the street at the level +1+2 ft.; and further north at point 2, seal"
695,,,Main Street,2.1,Late I,"street at the level +1+2 ft.; and further north at point 2, seal 695 lay at the level +2-1 ft. 1, and from the same level. Seal 696 also came from Main Street at point"
696,,,Main Street,,,"l 695 lay at the level +2-1 ft. 1, and from the same level. Seal 696 also came from Main Street at point Block 2 (Pls. II, b,d; VJ). Block 2 (the Stipa section) has bee"
703,,,2,-1.1,Late I,"riod, which is what one would expect. In this block (at 7), seal 703 (Pl. LXXXII) was found at the level 1-1 ft. below datum. Block 6 (Pls. III, b,d; 1V,a,c,e; V,a,e,d;"
702,,,6,-0.8,Late I,", lay 2-4 ft. below datum in room 22. In room 13 were found seal 702 (Pl. LXX XII), and also the curious round bronze tablet with figures in relief on both faces, illus"
700,,,6,,,"l. LX XI, 24) from the level -0-8 ft. In this room also was seal 700 (Pl. LX XXII), at approximately the same level as the hone. Another seal, No. 704, came from room 3"
704,,,6,,,"XXII), at approximately the same level as the hone. Another seal, No. 704, came from room 30, some 0-7 ft. below datum. (Pl. In the narrow alley between Blocks 6 and 8 a pie"
16,,,192A,,,"38 . . . . . < E . : . (Pl. LXXVII, 11) . : j 3 é -16°3 . . Seal 16 21 vi 5 Chert Burnisher . Ivory Awl PotteryDove a . House III. Ivory Hair-pin . Room. < (Pl. LXXXVI"
3,,,192A,,,"30 - “ 4 . ake ‘ $ & : «(EL LXXXVII, 245) oP CXR a6) ates o Seal 3°9 é A = = 5 : e 29 30 30 - 8:8 - 4:9 4:9: 4°5. * ‘ * 29 29 - . : 2 - 94 f e 6 - 68 . 6 - 6 19 18 -"
5,,,192A,,,"ER OO) (PL CVI, 6) ey. m - : a A 2 : ; 32 -19°4 -15-7 -15-4 Seal 5 “ F . (Pl. XCVI, 510) . ci A s » 34 -15°2 Storage Vessel | Bone Gamesman a a ‘é a A 5 . . (PL. LXI,"
1,,,192A,,,"UTHERN Object. Plate and No. Copper Bolt Bronze Bolt Silver Seal 1 to 124A. Room, (Pl, eae 26) . (Pl. ne (Pl. Pottery Dove Bronze Hook BLOCKS (Pl. OXXVIII, 8) . (Pl."
279,,,7,,,"fferBeda of three compartments is apparently represented on seals 279, 430 and Type AN (Pl. LXV, 48-50). These three vessels of a type that is very rare were all found t"
7,,,7,,,"k. ® Cf. the mangers in front of the various animals on the seals, 7 Mohenjo-daro and the Indus Civilization, pl. XCI, figs. 13, 14, 16. 8 One species appears to have b"
39,,,7,,,x =|x}f-}-|- 33 |LA| x 3a |aK| x a3 ea] Pn as 37|La| x | de seal 39| AS) x 40\as| x -|x)dea oieloa x 1x FH fH fo} l -{-j-} -|-|-| x] x}-}-]*/-}-] ar |as| x -|x|-|-|-!-
420,,,7,,,"cation as it was worn by male and female figures alike. See seal No. 420. Sites pep ies34. STATUES, FIGURINES AND MODEL ANIMALS, 269 Nursing Mothers. The nursing mothers in"
430,,,7,,,"that of a goat. : ante is animal, alertat apirsjodare (see seal No. 430 in Pl. XCIV) and may have been intimately associated with a deity. Son FURTHER 276 EXCAVATIONS AT M"
316,,,7,,,"res are not unlike the figure dancing before the unicorn on seal 316 in Pl. LXXXVIM, though this figure has a long tail, whereas that of No, 8, Pl. LXXXI, is short and"
229,,,7,,,"14. SEALS, SEAL IMPRESSIONS, AND COPPER TABLETS. 327 shaped seal No. 229, the manger or feeding-vessel is missing. No. 135 is also peculiar in that the bull is facing to th"
500,,,7,,,"of the British Academy, vol. XVIII, p. 13, No. 15. See also seal 500 in pl. XOVT in this book. 2 A very similar seal of grey steatite is illustrated in the Antiquaries"
661,,,7,,,"asons FURTHER 328 EXCAVATIONS AT MOHENJO-DARO, The scene on seal 661, two bulls in combat, is the first that we have found. But though this seal was found at the low le"
512,,,7,,,"e only one, on which it is clearly depicted.* The animal on seal 512, it should be noted, faces the opposite way to the rest. : In the best cut figures, Nos. 127, 171,"
648,,,7,,,"epresent females. According to native lore, the elephant on seal 648 would be regarded as of very inferior breed owing to the slope of its back and the length of its le"
259,,,7,,,"not a pictographic sign in an unusual position on the seal. Seal 259, though unfortunately broken, bears one of the most realistic presentations of the tiger that we ha"
257,,,7,,,"as in early Sumerian art to show both the rugged horns. On seals 257, 445, 587 and 696, there is the usual type of manger, and one set on a high pedestal on seal 332 ap"
332,,,7,,,"the usual type of manger, and one set on a high pedestal on seal 332 apparently has some food projecting from it. Seal 279 has what would seém to be a partitioned feedi"
140,,,7,,,s that in front of the short-horned bull and other animals. Seal 140 is most unusual in that the cult object hitherto exclusively associated with the urus bull is subst
651,,,7,,,possible that on this seal we have a mingling of two cults. Seal 651 is in a perfect state of preservation and depicts the rhinoceros with greater fidelity than on any
45,,,7,,,"rocodiles, are rarely found on the seals of Mohenjo- daro ; seals 45, 133 and 488 are the only three from this section of the site. On No. 45 the reptile is carved on o"
133,,,7,,,"lace for its representation. It is very clearly depicted on seal 133, and I am inclined to regard the fish before it as the prey of the croco- dile rather than as a pic"
488,,,7,,,"f the croco- dile rather than as a pictograph. The cylinder seal, No. 488, shows a fish in the jaws of the reptile, as on seal 45 also, The gharial appears on two sealings i"
479,,,7,,,"332 EXCAVATIONS AT MOHENJO-DARO. antelopes. The animals on seals 479, 488(?) and 565 also appear to be Sumerian a quite has it e becaus st first of these seals is of un"
554,,,7,,,"als, and the material, we can imported, perhaps from Elam.’ Seal 554 [see also Pl. C, (D)] shows an antelope the or wild goat in a posture that is far more common in Su"
24,,,7,,,"ient Sindh, though it should be noted that headed beasts on seals 24 and 494 is looking backwards in the same manner. This attitude is quite usual to antelopes and wild"
670,,,7,,,"rest they will be more fully dealt with later. On the small seal 670, also, a domesticated goat is seen, but looking backwards as wild goats are frequently represented."
673,,,7,,,"mal has a very shaggy neck. The long beard of the animal on seal 673 is quite correct, since the beard of this species some- times reaches a length of 6 ins. The curiou"
313,,,7,,,"ns, or they may be ears, appears amongst the pictographs on seal 313, 5 Cf. Friederichs, Der Alte Orient, (1933), No. 32, pts. 3 and 4, pp. 16, 17. ei eOne and the Indu"
450,,,7,,,"some of these appendages which is especially noticeable on seal 450, where it at first sight appears to be part of a collar round the neck; the tusks of the elephant a"
234,,,7,,,te by chance that none have been found in the upper strata. Seals 234 and 359 are unusual in that although the animal represented is the urus bull the seal-cutter gave i
411,,,7,,,"e the horns are very like those of the composite animals on seals 411, 450, 521, 606, etc., and also those of the Brahmani bull. The animal on a fragment of a seal, No."
330,,,7,,,"o those of the Brahmani bull. The animal on a fragment of a seal, No. 330, cannot at present be satis- factorily identified. The folds of the skin suggest the urus, but ther"
360,,,7,,,"worshipper desired to be freed ”’.’ The two-horned tiger on seal 360 is already known to us, as it occurs on a previously found seal, engaged in combat with a horned he"
222,,,7,,,"XI, 357. c SEALS, SEAL IMPRESSIONS, AND COPPER TABLETS. 335 Seal 222 depicts a figure, probably that of a deity, seated in what may be a yog? attitude with the heels pr"
235,,,7,,,"figure has three faces, one in front and two in profile. On seal 235 there is a somewhat similar figure. The stool is omitted, however, and the figure is apparently sea"
347,,,7,,,"to terminate with a bow, as on the pigtail of the figure on seal 347. Though all three of these figures appear to be male deities, the pigtail of No. 235 is also worn b"
510,,,7,,,"l is a food-vessel or a pictograph is uncertain. On another seal, No. 510, a buffalo appears to have attacked a number of people who are lying on the ground around him in ev"
522,,,7,,,"voured in Crete in early times, The man seated in a tree on seal 522 with a tiger below is now quitea familiar subject on the seals of Mohenjo-daro, but this particular"
75,,,7,,,"undoubtedly illus- trates a legend which was very popular. Seals 75, 86, 122 and 454 all bear the same, extremely unusual scene, and the descriptions of seal 75 which"
606,,,7,,,"145. 4 Quibell and Green, Hierakonpolis, I, pls. LXXV 5 Cf. seal 606. ; GXXVI. vol. VII, FURTHER 338 EXCAVATIONS AT MOHENJO-DARO, and wearing a long pigtail and a spray"
389,,,7,,,"e exception of the conventional arrangement of the pipal on seal 389 of Mohenjoaa eae Indus Civilization, trees are represented in a very naturalistic fashion on both t"
437,,,7,,,"unreasonable on one to connect the figure on of the seals,° seal 437 with Durga his consort, whose vehicle is the tiger. It depends entirely whether the human part of t"
641,,,7,,,"accept as the sun-disk the curious object with rays seen on seal 641 and in PI. C, (G), in which the head of this beast takes the place of the sixth ray. If we conclude"
30,,,7,,,"g features of the religions of agrarian populations.’ Ship. Seal 30, an enlarged reproduction of which is seen in Pl]. LXXXIX, (A), was found in two pieces. It is rect"
509,,,7,,,"mon on the sealings (Pls. XC, 13, 23; CIII, 8). The tree on seals 509 and 522, in which a man is seated on the latter, appears to represent some kind of acacia. Upon one"
604,,,7,,,"present some kind of acacia. Upon one side of a round, thin seal, No. 604, a very conventionalized tree is carved, which it is almost impossible to identify, and exactly the"
156,,,7,,,"ste. An immature boss at the back is bored for suspension.‘ Seal 156 which is made of steatite has a similar cross cut upon it, but it is decorated both inside and roun"
73,,,7,,,"perforated boss usual to Type (b).° Seals of Unusual Shape. Seal 73 evidently served both as a separator for a necklace and as a seal or amulet, for it has two paralle"
321,,,7,,,"later, but it was never done. The absence of the animal on seal 321 is unusual, especially as space had evidently been left for it. As a general rule, the engraver fir"
626,,,7,,,he same type from the different cities of the Indus Valley. Seal 626 (Type (b)) has a squarely cut boss at the back instead of a rounded ; one and it bears on this boss
95,,,7,,,"which would otherwise have easily been broken. Case-seals. Seal 95 presents an unusual feature in being hollowed to serve as a receptacle, possibly for an amulet (see"
309,,,7,,,"viously found, see Mohenjo-daro and the Indus Civilization, seals 309, 383, 478. 3 “ Seals of Ancient Indian style found at Ur ” ; Proc. Brit. Acad., vol. XVIII, pp. 1-2"
78,,,7,,,"llow case-seal has already been published.? Cylinder Seals. Seal 78 is cylindrical and somewhat roughly made of a soft, white paste which was originally glazed for tra"
376,,,7,,,"hs which it is impossible to make out. The calcite cylinder seal, No. 376 (see also D on the same plate), provides another link with Sumer. Unfortunately, owing to the softn"
92,,,7,,,"useful on curved surfaces. > Unfinished and Re-used Seals. Seal 92 is of especial interest in that, though its face bears a roughly carved inscription, its back which"
94,,,7,,,"ng-material. 46 in FURTHER 346 EXCAVATIONS AT MOHENJO-DARO. Seal 94 is rectangular in shape, unperforated, and bears an inscription on one side only. Its chief peculia"
96,,,7,,,"erhaps even to include it among the beads of a necklace. On seal 96 there is only one roughly incised character in the middle of the face. Its boss, too, is unfinished"
319,,,7,,,"ut subsequently used by someone else. by the seal-maker and Seal 319 is also unfinished, though inscribed. In its incomplete condition it is shaped like a three-sided p"
336,,,7,,,"it would probably finally have taken the shape of Type (f). Seal 336 originally belonged to Type (f), but a portion of the inscription had evidently been removed and th"
623,,,7,,,"ne end. When owing to friction the hole through the boss of seal 623 became so enlarged as to break away, another hole was drilled at right angles to it. Method of Manu"
71,,,7,,,". In some cases it scales off in regular layers, e.g., from seals 71, 140, 271, 310, ete.* I do not think this coating was invariably applied. If the steatite used for"
135,,,7,,,"e was evidently considered essential for aesthetic reasons (seals 135, 310, 334, 378, 430, 436, 441, 467, 488). Some of the seals are made of a fine black steatite, eg.,"
19,,,7,,,"ssume a normal position. There is a boss of unusual form on seal 19 (Pl. XC, 4) that resembles a plain rounded stud with deep groove round the base ; this groove is no"
299,,,7,,,"the unusual boss of seal 479 which is shown in PI. C, (C). Seal 299 has no boss, and the perforation through the body of the seal is blocked up by a piece of copper or"
520,,,7,,,"whose obverse and reverse are shown in Pl. XC, 1, and also seal 520 are made of silver and are the only two of this material found at Mohenjo-daro, It is probable that"
658,,,7,,,here is reason to think that this object is an importation. Seal 658 is made of limestone. Seal 653 was made of some kind of white composition that looks like finely po
653,,,7,,,"is object is an importation. Seal 658 is made of limestone. Seal 653 was made of some kind of white composition that looks like finely powdered steatite, and the figure"
8,,,7,,,"been an experiment. Arrangement of Animals. The animals on seals, 8, 135, 279, 330, 510, 512, 520, 547, 644, 673 and 684 face the reverse way from the usual, a departu"
353,,,7,,,"Egypt 2 Mohenjo-daro and the Indus Civilization, pl. CXT., seals 353, 355. 3 Wilson, The Vishnu Purana, vol. IV, p. 281, n. 1. d is seen on a stone slab found 4 This ac"
10,DK 8520,DK,7,,,"us: Long Lane. bet. Bls. 10A and 11. Level: - 23 ft. SEALS, SEAL No. 10 (DK 8520). in section. Pottery; noslip. Very worn. Locus: bull. First IMPRESSIONS, COPPER TABLETS."
12,,,7,,,". 4 Mohenjo-daro and the Indus Civilization, pl. CXVII, 11. SEALS, No. 12 (DK SEAL IMPRESSIONS, 7847). Faience; AND COPPER a grey paste with TABLETS. 363 a glaze, now yellow"
386,,,8A,,,"aro and the Indus Civilization, pl. CXII, 383. The motif on Seal 386 in the plate may be allied to it. eeva oie i GENERAL SURVEY, 659 in point of numbers. I am not alon"
312,,,8A,,,"is a * Mohenjo-daro and the Indus Civilization, possibly on Seal 312 and certainly on Seal 194. Examples occur on two seals in this book, Nos, 228 and 422. 5 Two exampl"
194,,,8A,,,"e Indus Civilization, possibly on Seal 312 and certainly on Seal 194. Examples occur on two seals in this book, Nos, 228 and 422. 5 Two examples are pictured on a small"
38,,,8A,,,"3, 4, pp. 1-20. 2 Mohenjo-daro and the Indus Civilization, Seal 38. 3 Der Alte Orient, pp. 7, 8. pp. 359-76. See Duerst in Pumpelly, Hxplorations in Turkestan (1908),"
367,,,8A,,,"VII, 59. Der Alte Orient, p. 11, pl. 2, fig. 5. on, p. 388, seals 367, 371, 372, 534, 535. OF APPENDIX. 671 characteristic of the Indian elephant, although the animal’s"
59,,,8A,,,"Indus Civilization, pl. CXII, 365, 372, 375; present book, seals 59, 171, 512. 8 Der Alte Orient, pp. 10, 11. 4 Capart, Primitive Art in Egypt, p. 236, fig. 175. and i"
325,,,8A,,,"isted forms, 350, 356, 359, 360 ;unusual types, 523 ;use as seals, 325-351 ; varieties favoured, 350. ; 394 palette, ; 567 565, 397, 399; marbles, Amin, 268. plaques, 394"
335,,,8A,,,"5, 286, 287, 290-293, 295, 296, Armlets, worn by figures on seals, 335, 338. scales of, 546, 301, 303, 381, 334, 339, 351, 359, 360, 367 ; Armour, Armourer, 172. seals on"
291,,,8A,,,"pottery, 189, 222, 667, 668 ; “reserved slip ” wares, 668 ; seals, 291, 344, 654 ;spindle-whorls, 655, 660 ; trade route through, 288, 656 ; weight, 402. Ass, use as drau"
340,,,8A,,,"ndus Valley art, 340; on Antelope cervicapra, 539. Sumerian seals, 340. Antimony, 196, 228 ; presence of, in metals, 479, |Astronomical signs, 339. 480. Antlers, 64, 423."
656,,,8A,,,"52, 653, 658, 664, 670 ;raids from, 6, 442, 444, 647, 648 ; seals, 656, 666 ; skeletal remains, 613, 624-627, 630; stone vessels, 646 ;weapon (model), 661 ; weight, 402;"
218,,,8A,,,"315, 557; as motifs on pottery, 218-220, 224, 225, 296; on seals, 218, 327, 345, 664. Bird-chariots, 313-315. Bison, 308, 327; horns of, 275, 276, 327; possible model of"
327,,,8A,,,"8, 327; horns of, 275, 276, 327; possible model of, 305; on seals, 327. Bitumen, 413 ; as core for beads, 501 ; material resembling it, 212; use in Sumer, 581. stud, 666"
267,,,8A,,,"rahma, 297. Brahmani bull, horns of, 267, 328, 334, 670; on seals, 267, 328, 329, 334, 670, 671. Brahmi inscriptions on pottery, 187. Brahiis, xii. 164 ; deposit or polis"
343,,,8A,,,"9, 545, 547-549, 553, 554, 556; INDEX. 684 Burin, 340. Case-seals, 343, 437; method 344. Caspian Sea, 658. Burma, collars worn in, 265, 277 ; drinking tubes of, 436 ;head"
342,,,8A,,,"544; types of, 542, 543 ; vitreous paste, 542, 543. Button-seals, 342, 361 ; of Egypt, 342. Buttresses, 15, 52, 68, 78, 92, 164, Byblos, beads from, 521. 538; finger-rin"
365,,,8A,,,"524, 643, 659, 660, 321. Chupattis, 434. 666 ; on Sumerian seals, 365. Chutes, 15, 26, 27, 30, 71, 76, 83, 89-90, | Coins, 369 ; of Kushan period, 16, 187 ; Lycian, 357,"
334,,,8A,,,"of, 266, 273, 274, 278, 281, 537, 654, 655 ;on amulets and seals, 334, 352, Dances, 266, 273, 274, 278; ritual, 274, 334, 352. Danger Island, cord figures of, 667. 366;"
337,,,8A,,,"worn by figure on tablet, 366 ; skirts, worn by figures on seals, 337, jambs of, 16, 19, 20, 22, 26, ""49, 52, 53, 57, 58, 61, 70, 73, 87, 100, 103, 106, 108, 109, ll, 11"
302,,,8A,,,"5, 296, 299, 300, 301, vessels, 317, 318, 320, 321, 323, of seals, 302, 312, 313 ; sanctity in Crete and Sumer, 342, 343, 639 ; of weight, 402. 296 ; in other countries,"
266,,,8A,,,"n, 215 ; roofing in, 590; saws, 470; scaling ladders, 570 ; seals, 266, 342, 345, 364, 365, Enki, 287. Enkidu, 657. Enkomi, gameboard from, 576. 639, Ensigns, on boats, 3"
290,,,8A,,,"ughs, brickwork, on amulets, 85; in 359, 366, 367, of model seals, 290, 327, 329-330, cage, 426; on 332, 338. Feet, on amulet, 359 ; dressing of soles of, 416 ; position"
344,,,8A,,,"uffles for, 178, 201 ; pin-heads, 541 ; plaques, 266, 354 ; seals, 344, 347 ; spindlewhorls, 416, 417; studs, 532, 533, 666; various objects, 526, 544, 583 ; vessels, 209"
219,,,8A,,,"as motif on pottery, 219, 229 ; picto- graph, 327, 331 ; on seals, 219, 331, 345. Fish-hawk, ornament in shape of, 664. 51, 54, 56, 59, 66, 70, 73, 75-78, 79, 81, 82, 84,"
331,,,8A,,,". Flakes, of flint, 179, 395, 396, 645. Frontiers, Frog, on seal, 331. of Baliichistan, 647; N. W., 462, Flamingo, as vihana, 297. Flanges, of drain-pipes, 426. 648. Fru"
292,,,8A,,,"on pottery, 217, 218; as sacred animal, 275, 292, 338 5 on seals, 292, 332, 333, 337, 338, 3 671; in Sumer, 292; Garments, sewing of, 476, see Dress. | two-headed, 365."
669,,,8A,,,"305, 669 ; model, 305 ; on Gods and goddesses, see Deities. seals, 669, 671. |Godambi, motif, 224, Gold, 453 ; beads, 501, 514-516, 520, 528, 663 ; Gaza, dagger from, 466"
356,,,8A,,,"ibation vase of 506 ; statue of, 268. Guilloche, on foreign seals, 356. Gujarat, zebu of, 329, 670. Gums, 175, 188. served wood of, 462, 464; of razors, 468, 469 ; rings"
695,,,8A,,,"tting as 16,| 187. Hobble, 667; as hieroglyphic 667. Hollow seals, 695 sign in Egypt, manu- doors, 20, 98, 167 ; niches, see Niches ;partywalls, 65, 74, 76, 114, 148, 150"
217,,,8A,,,"nudity and semi-nudity of, 261, 262, 265, 269, 274, 275; on seals, 217, 334-341, 656, 659, 660 ; as statues, 10, 92, 257, 258, 264, 275, 335, 411, 412, 468, 532, 538, 585"
199,,,8A,,,"ings on sherds, 1; draw; on imple- 340, , 454, 442-444, on seals, 199, 333, eee 217, 218, 460, 463, 182, 183, 187; ; on pottery, 326, 327, 330- 342, 343-348 ; on Cretan"
666,,,8A,,,"Mehi-damb, figurines from, 653, 654, 665 ;hair- | pin, 653 ;seal, 666 ;pottery, 185, 646, 652, 653. Melanesian skulls, comparisons with, 630. Melophus melanicterus, Gmel"
348,,,8A,,,"04-606. 292, weights, of, 446 ; scrap, 443, 448, 452, 453 ; seal, 348 ; sheet, 445, 462, 468, 47h; smelting of, 42, 451; -smiths, 54, 406, 442, 446; sold by weight, 452"
339,,,8A,,,"; solar, 659, as beads, 512; on pottery, 216, 223, 340; on seals, 339, 656 ; spiral, 224 ; svastika, 656, 660 ; on bead, 523 ; on seals and amulets, 351, 355, 361, 362,"
657,,,8A,,,"arisons with objects from, beads, 499, 504, 655 ; motifs on seals, 657 ; pottery, 175, 651, 653 ; quartz beads, 499 ; “ reserv- ed slip ” ware, 652. uth | Ni National IND"
326,,,8A,,,"see pigments ; on cones, Odering, bracelets from, 535. 202, seals, 326, 330, 332, 334, 336, 339, 358, 426, 658, 669, 670. Ochre, red, 178, 179, 190, 205, 215, 228, 259, 3"
2,,,8A,,,"5, 118-121, 122, 123, 125, 143, saws, 470 ; sealings, 286 ; seals, 2: 290, 327, 328, 332, 339, 342, 344, 345, 3: , 369, 430, 639, 656, 657 ;spindle-whorls, 418; stone 1"
341,,,8A,,,"graphs, animals as, 219, 220, 332; on pottery, 181, 182; on seal, 341 ; of stone, | beads, 506; on bone or ivory rods,” 363, 421, 561, 563 ; on bracelets, 536, 537; on c"
289,,,8A,,,"ls of, 290, 304, 306 ; representation of, in Egypt 291 ; on seals, 289, 331; dance in, 266-268, 274, 334, 352 ; 7, 330, 331, 336, 345, 671 ;tusks of, 291. deities, see De"
671,,,8A,,,"el-’Arak knife-handle, 341; method morphic vessel, 188 ; on seals, 671, Sheet, metal, 445, 462, 468, 471. Sheffield University, 441. Shell, amulet Strombus Shell-fish, as"
346,,,8A,,,"156, 171 ; obstructions in, 14, 541 ; powdered, 350, 356 ; seals, 346, 348 ; | 84, 86, 172; paving of, 28, 171; rise in see Seals ; spacers, 518-520; staining of, levels"
183,,,8A,,,", 272. | Strombus caciniatus, Dilwyn, 422, Steering oar, on seal, 183, 341, 656. Strombus laciniatus, Dilwyn, 580. Stucco, on figurines, 260, 272, 273, 279. Steersman, o"
164,,,8A,,,", 287, 532, 7, 163, 651, 653, 658, 660, 664 ; querns, 393 ; seals, 164, 649 ; metal tools, 442 ; metal utensils, 222, 290, 332, 340, 345, 430, 656, 657 ; stone vessels, 7"
506,,,8A,,,", 647. Syro-Cappadocian seals, 356. Syro-Hittite art, 334 ; seals, 506. 624- | Syro-Mesopotamian buttons, 639. uses of, 581 ; sickle-flints, 509 ; signary of, 191, 327; s"
369,,,8A,,,"apons (model). 459, 662 ; weights, of pottery, 229-256 ; of seals, 369-391 ; of Lr 400, 401, 403, 604, 606, 672: wheels of skeletal remains, 633-638 ; of weight, rha6] ch"
328,,,8A,,,"ld, 480. represented on pottery, 216, 217-221, 226, 644; on seals, 328, 330, 337, 338, 341, 344, 658 ;sacred, 220, 221, 337, 338, 341, 351, 362; -spirits, 335, 338, 351,"
329,,,8A,,,"poura, arrow-heads from, 461. Zanzibar, 647. Zebu, 288 ; on seals, 329, 670, 671. Zoological Survey of India, xii, 116, 173, 299, 423, 579, 613, 632. Zorelia, figurines f"
