plate_no,repaired,area,serial,level_ft_below_surface,size_in,type,page,column,ocr_line
1,yes,HR,4161,,,B,56,L,Io2@r os 1s 3 0 B Wh — — HR 4161
2,,E,1187,4.2,,B,56,L,"2 8 ow rs 4° 2"" B Whe — — E1187"
3,,VS,823,2.0,,B,56,L,3 185 85 2° 0” B Wh — — VS 823
4,,HR,582,3.0,8x18,,56,L,4 v8 x18 3° 0” RB Wh — — HR 582
5,yes,HR,3330,,,,56,L,sora? 770° Bo Wh — — HR 3330
6,,HR,104,2.00,,,56,L,6 19 \ Tq 2’ oO” Bo Wh — — HR 104
8,,HR,743,,29x20,,56,L,8 29 K 20 zy BRB Wh — HR 743
9,,C,1895,2.9,25x25,,56,L,9 25 K 25 2° 9” Bo Wh — — C 1895
10,,HR,4601,3.0,,,56,L,IO BL oy 2d 3’ Of BR Wh — — HR 46o1
11,yes,C,194,5.3,,B,56,L,TE 2:25 If 225 5° 3” B Whe —- — C 194
12,,C,2691,1.6,185x1.85,,56,L,12 185 ¥ 1-85 1’ 6” Bo Wh — — C2691
13,,HR,1575,2.6,,,56,L,"13 O85 2 ¢ 2° 6"" Bo Whe — — HR 1575"
14,,DK,315,,3x0,B,56,L,14 63 ~ 3 3/0” B Wh — — DK 315
15,,VS,1329,1.6,,,56,L,IS 21 woat 1’ 6” Bo Wh — — VS 1329
16,,VS,1037,2.35,235x2,B,56,L,"16 235 K 2°35 37, 3” B Wh — — _ VS 1037"
17,,HR,4568,3.3,,B,56,L,"17 225 KX ? 3° 3"" B Who — — HR 4568"
18,,HR,5804,2.9,,,56,L,18 27 7 29 2’ 9” Bo Wh — — HR 5804
19,yes,VS,1799,1.35,,,56,L,tg 35 1°35 5’ 9” BRB Wh — — VS 1799
20,yes,VS,1469,3.6,,B,56,L,"200 gs 4 145 3° 6"" B Wh — — VS 1469"
21,yes,L,5,surface,,B,56,L,220 Tq ow Ig Sur. B Wh — — L 5
22,yes,HR,3730,,,B,56,L,230 $5 MS 9 0” B Wh — — _— HR 3730
24,,VS,2328,6.4,,,56,L,24 Ig Kg 6’ 4” BO OWh OS — VS 2328
25,,DK,1328,2.0,,B,56,L,25 4S ISS 2’ 0” B. Wh — — DK 1328
26,,SD,1839,3.9,,B,56,L,26 Oo9 K ? 3’ 9” B Wh — — SD 1839
27,,VS,1573,5.0,,,56,L,27) 85 M45 5’ 0” RB Wh — — _ VS 1573
28,,DK,2484,3.6,,,56,L,28 org Mog 3° 6” B OWh — DK 2484
29,,HR,4863,5.9,,B,56,L,29 135 N38 5’ 9” B Wh — — HR 4863
30,,HR,167,surface,,B,56,L,30 POS WG Sur. B Wh — — HR 167
31,,HR,5414,5.0,,B,56,L,31 6 6 5’ 0” B Wh — — HR 5414
32,,HR,5030,3.0,,,56,L,32 0C«deS 3’ 0” Bo Wh — HR 5030
33,,HR,2025,6.6,,B,56,L,"33-«r BO 8 6’ 6"" B Wh — — HR 2025"
34,yes,HR,2723,5.0,,,56,L,350 4S & 4g 5° 0” Bo Wh — = =— _— HR 2723
37,,DK,402,,37x65,,56,L,"37, 65 W165 1 9” RB Wh — — DK 402"
38,,VS,2040,2.6,,,56,L,38 Se eg 2’ 6” Bo Wh — — _ VS 2040
39,,VS,349,2.1,,,56,L,39 UF wT 2’ 1” RB Wh — — VS 349
40,,VS,2652,3.11,,B,56,L,40 35 * 135 3° 11” B Wh — — VS 2652
42,,HR,4356,2.0,,B,56,L,42 4 Kg 2’ 0” B Who o— — HR 4356
43,yes,DK,2055,1.6,02x12,,56,L,4h 02 X12 1’ 6” Bo Wh — — _ DK 2055
44,yes,DK,188,2.6,,,56,L,"$5 25 Meas 2’ 6"" Bo Wh — — DK 188"
45,yes,DK,2485,,,,56,L,"go 25» 3s 3 «6"" Bo Wh = — — DK 2485"
47,,VS,3414,6.0,,,56,L,47 2 “Mor2 6’ 0” BO Wh — VS 3414
48,,HR,4076,3.3,,,56,L,48 orig aoe 3° 3” Bo Who OO — HR 4076
49,yes,DK,108,,,,56,L,$9 TH log 1 6” Bo Wh = — — DK 108
50,,HR,5085,,,B,56,L,"50 130 13 6"" 0” B Wh — — _ HR 5085"
51,yes,HR,5629,3.9,,,56,L,§2 013 KX 3s 3° 9” Bo Wh — — HR 5629
52,yes,HR,629,,,,56,L,$3 rap K 12g aon BR Who — — HR 629
53,yes,VS,3594,5.0,,B,56,L,Sh Ig XK g 5’ 0” B Wh — — VS 3594
55,,DK,3069,5.0,,,56,L,SS ort 2 5’ 0” RB Wh — — DK 3069
57,,DM,189,9.0,,B,56,L,S7 op Ne reg 9’ 0” B Wh — — DM 189
58,yes,HR,2582,8.0,,,56,L,38 13 + 13 8’ 0” Bo Whe — — HR 2582
60,,C,3070,60.12,,,56,L,60° 125 ® 15 3° 0” BRB Wh — — C3070
61,yes,HR,1694,11.9,,,56,L,6r rg * 15 11’ 9” Bo OWh — HR 1694
63,,HR,1695,11.00,,,56,L,63 6s << 3 11’ oo” Bo Wh — -— HR 1695
64,,HR,2466,14.0,,B,56,L,64 thw 2? 14’ 0” B Wh — — HR 2466
65,,HR,5320,4.0,,,56,L,"65 le wos 4° 0"" Bo Wh — HR 5320"
66,,VS,1059,3.6,,,56,L,"66 7s vs 3° 6"" Bo Wh — VS 1059"
67,,HR,2406,10.9,85x183,,56,L,67 85 . 183 10° 9” BO Wh — — HR 2406
69,,HR,649,,,B,56,L,69 ro 8 18 3 0% B. Who — — HR 649
70,yes,VS,2664,2.0,,,56,L,FQ U2 + 12 5 2’ BO Whe — — VS 2664
71,yes,DK,33,,,,56,R,J2 Is urs ori” Bo Wh —~- DK 33
75,,DK,2133,,,B,56,R,7S GE MOGI 7 oO B Wh — — DK 2133
76,yes,C,3085,3.0,,,56,R,7O TT NUL 3° Ug! Bo Wh — —~ C3085
77,yes,C,2768,0.0,,,56,R,G7 UT wit 7 0° BRB Wh — — C2768
79,,E,555,3.0,3x39,,56,R,"79 O86 3% 39 3° ~O8"" Bo Wh — — E sss"
80,,HR,262,,,,56,R,8o rr i rt 1 O° BB. Whe — — HR 262
81,yes,DK,2198,3.0,,,56,R,Broz wk 125 3° 0 BRB Who — — DK 2198
82,,HR,2371,3.3,,B,56,R,"82 a5 x ? 3° 3"" B. Wh. —_ — HR 2371"
83,yes,SD,1930,,12x0,,56,R,84002 “Aor 12% 0” Bo Wh — — _= SD 1930
85,,VS,1819,,,B,56,R,85 rs Xs aor B Wh — — VS 1819
86,,HR,2863,2.0,,,56,R,86 rr Xr 2° 0” RB Wh — — _ HR 2863
87,,DK,2220,6.0,63x13,B,56,R,87 63 X13 6’ 0” B Wh — — DK 2220
89,,VS,3332,4.0,,B,56,R,89 ro xX To 4° 0° B. Wh — — VS 3332
90,yes,VS,47,,2x1,,56,R,gO 2 KX 12g 2% 1” Bo Wh — — VS 47
91,yes,B,426,,,,56,R,OF TIS N Vrs arom BO OWho — B 426
96,,HR,46254,,25x2,B,56,R,96 25K 2s _ B Wh — — = HR 46254
97,,HR,4385,,,,56,R,97 2 kK 1e2 27 9” Bo Wh — — — HR 4385
98,,E,829,3.0,125x125,,56,R,98 125 % 125 3° O° BR Wh — — €E 829
99,,VS,49,,,,56,R,99 IS KX is 2 oY” Bo Wh — — VS 49
100,yes,SD,2010,,10x9,,56,R,Too rig xX ? 10% 9” Bo Wh — — _ SD 2010
102,,HR,4560,surface,102x135,,56,R,102 . 135 K 1°35 Sur. Bo OWh — HR 4560
103,yes,HR,683,surface,,B,56,R,TOR IS KIS Sur. B Wh — — HR 683
104,yes,VS,1779,,5x0,,56,R,Tog 1 OX 10 5% 0” Bo Wh — — _~= VS 1779
105,,SD,2445,6.0,,B,56,R,1o5 TO kK 10 6’ 0” B Wh — — SD 2445
106,yes,HR,4238,3.0,085x085,,56,R,196 085 K 085 3° 0” Bo Wh — — HR 4238
107,yes,E,296,7.0,,B,56,R,woz ivr Kv 7’ 0” B Wh -— — E 296
108,,DK,596,6.0,,,56,R,108 ro x TO 6’ 0” Bo Wh — — DK 596
111,,SD,1850,6.0,,B,56,R,III _ 6’ 0” B Wh — — SD 1850
112,yes,E,2548,,,,56,R,iy 2 K ? _ Bo Whoo — — E2548
113,yes,HR,4965,6.0,19x10,B,56,R,lq 19 % 10 6° 0” B Wh — — HR 4965
114,yes,DM,67,6.0,,B,56,R,m6 br xr 6’ 0” B. Wh — > — DM 67
115,yes,VS,3595,7.00,,B,56,R,IZ? OPIS 12 7’ oO” B Wh — — VS 3595
118,,SD,370,8.9,,,56,R,118) FOS K 105 8’ 9” Bo Wh — ' — SD 370
119,yes,VS,2989,6.0,,,56,R,Tig ros x ros 6’ 0” Bo Wh — — VS 2989
120,,HR,4264,,,,56,R,120 IS Kris — Cc. — _ P. HR 4264
121,yes,VS,2542,5.8,,,56,R,"I2r rr X11 5’ 8"" Bo Wh — — ~ VS 2542"
123,,HR,37324,2.4,,B,56,R,123 ro xX 10 2’ 4” B Wh — — HR 37324
124,,HR,5700,,,B,56,R,124 _— g’ Oo” B Wh — — HR 5700
126,,HR,3207,,,B,56,R,126 to K£ 1ro 77 oO” B Wh — — HR 3207
127,,HR,4368,2.5,,,56,R,127) 105 & ros 2’ 5” Bo Wh — — HR 4368
128,yes,VS,978,,,,56,R,8 rr 4 117 9” BL Wh — — + VS 978
129,,E,1094,,,,56,R,129 1g K +6 oo = =BO Who E1094
130,,VS,1468,2.6,,,56,R,"130 Tos x Tog 2° 6"" Bo Wh — — VS 1468"
131,yes,VS,3301,5.0,,,56,R,13 Los % 10g 5° 0” Bo Whe — ' — VS 3301
133,,B,383,,,B,56,R,133 FOS K 10s 4+ 0” B Wh — — B 383
134,yes,E,2767,,,,56,R,I3q rl Kuve — Bo Whe — . — E2767
135,,HR,2973,,,B,56,R,135 TIS Korg — B Wh — — HR 2973
137,,VS,3154,,,,56,R,"137, PK Oy 18"" 0” BB Whe — VS 3154"
138,yes,HR,4986,,,B,56,R,r33 12g 5 3 2g” B. Wh — — HR 4986
139,,HR,5531,6.0,,,56,R,139 Iqg5 - #* 6’ 0” Bo Wh — — HR 5531
140,yes,DK,3279,7.0,,B,56,R,Igo ora l12 7’ 0” B Wh — — DK 3279
141,yes,HR,1950,,,,57,L,gt ro . TO sob BL Whe — —- HR 1950
142,,DK,3054,6.0,,,57,L,I42 135 1-38 6° KB Wh — — DK 3054
143,yes,HR,4057,,,,57,L,Zz O98 - os + Bo Wh — ~~ HR 4057
144,yes,HR,50976,6.0,,,57,L,tag Gq <2 6’ 0” RB Wh — — HR 50976
145,yes,DK,2971,,,,57,L,"gs C3, ; a7 O° BB Wh — — DK 2971"
148,,VS,1961,5.6,,,57,L,"148 OQ “09g 5’ 6"" B. , Wh — — _ VS 1961"
149,,HR,4384,9.95,4x095,,57,L,149 9°95 4% 095 2 0” BRB |) Wh — — HR 4384
150,yes,C,4185,1.4,,,57,L,1§0 Og K 09 1’ 4” Bo) Wh — — C4185
151,yes,DK,1892,,1085x035,,57,L,"1§§ 1085 \ 035 3 3"" BoWh — DK 1892"
156,,HR,2522,,,,57,L,"156 10 “ro tr’ 6"" Bo Wh — — HR 2522"
157,yes,VS,1066,0.0,3x0,B,57,L,$7 10 + 19 3/ 0° B Whe — VS 1066
158,yes,DM,50,,,,57,L,"1§3 orgs + O48 o7"" BRB Whe — — DM 50"
160,,E,1809,,10x19,B,57,L,160 10 % 19 roe B. Wh — — E1809
161,,HR,5030,4.0,,,57,L,"161 Os of os 4’ 0"" B ' Wh ~— — HR 5030"
163,,VS,3380,4.0,,,57,L,"163 o835 “ o8s 4° 0"" B' Who — — VS 3380"
164,yes,HR,398,,,,57,L,T6g) ters .035 5 of BO ' Wh — — HR 398
165,,C,206,,,,57,L,165 _ 5 6” Boo Wh — — C206
166,,HR,4635,,,,57,L,166 og » OF9 3 0” B. ' Whe — HR 4635
167,,HR,5311,4.0,,,57,L,167 : 085 X o-8s 4° 0” B. > Wh — — HR s311
168,,HR,3791,6.0,,,57,L,168 rer XK rer 6’ o” ' B | Wh — — HR 3791
169,yes,HR,5703,,,,57,L,"T7t 1 O8 Y a8 3 0” OB, | Whe HR 5703"
172,,VS,2372,,3x3,,57,L,"172 et & Per 3/ 3” B, Wh — — VS 2372"
173,,HR,4094,,,,57,L,"173! O'95 K O95 3 6"" Bo Wh — HR 4094"
174,yes,HR,3277,4.0,,B,57,L,17f¢ 99 X O90 4’ 0” B. Wh. -— — HR 3277
175,,VS,1558,3.8,1135x03,,57,L,175 1135 ¥ 03 3° 8” B . Who — — VS 1558
176,,E,96,2.9,,B,57,L,176 12 aw 12 2’ 9” B Wh -—- — £§E 96
179,,SD,1553,6.0,,B,57,L,179 TO XX ro 6’ 0” B. Wh — — SD 1553
180,,C,3133,6.0,,,57,L,"180. Tog & 10s 6’ 0” B, | Wh —- — C3133"
181,,SD,1731,,,B,57,L,181) 0g x 10g To’ 0” B Wh — — = SD 1731
182,yes,C,2304,6.6,,,57,L,"82 rer Xo 6° 6"". Bo: Wh - — C2304"
183,,HR,2268,7.0,,,57,L,183° 10 X ro 7 ' BO) Whe — HR 2268
184,,HR,4873,5.0,,B,57,L,184 _— 5° 0” B Wh — — _ HR 4873
185,,E,2006,,,,57,L,18s i ros Xo-30 0602’ 6” BL Whe — — E 2006
186,,E,1008,,3x0,,57,L,186 0 Teng Mores 3/0” Bo Who — E1008
187,,E,2217,6.0,187x105,,57,L,"187 , 105 * rer 6’ 0” Bo Wh — — E 2217"
188,,HR,4519,3.0,,,57,L,188 tos K 105 3 3°” BB. BL — — HR 4519
191,,VS,235,2.6,,B,57,L,"191 _ 2° 6"" B. Wh — — VS 235"
193,,DK,744,5.0,8x08,,57,L,193 o8 X08 5’ 0” B. | Wh = — DK 744
195,,HR,4622,,,,57,L,195 06 +06 — > B. ! Wh — — _ HR 4622
196,,DK,925,2.0,,B,57,L,196 .o85 K ? 2’ 0” B. Wh — — DK 925
197,,C,3202,2.9,197x08,B,57,L,197/08 x o8 2’ 9! B. Wh — — C3202
198,yes,C,2803,2.6,,B,57,L,"Igg o-8§ x 0-85 2’ 6"" B. Wh — — C2803"
200,,HR,1461,,,,57,L,200 O75 ¥ O75 7 4” BB. ' Wh — — HR 1461
201,yes,HR,4400,,,,57,L,zor; o8s vy o85 2 07 BB. Wh — — HR 44oo
202,,HR,5607,4.0,,B,57,L,"202 o8 » 0-8 4’ 0"" B Wh — — HR 5607"
203,yes,HR,5261,,,,57,L,"2030 O75 4. O75 fo 0"" B. ' Wr — — HR 5261"
206,,HR,5596,4.0,,,57,L,"206 0-85 © 0-85 4° 0"" Bo Wh — — HR 5596"
207,,HR,4124,3.0,,,57,L,207) O75 O75 3° 0” BL Wh — — HR 4124
208,,HR,5597,0.0,208x0,B,57,L,"208 .0'—9q + oO” 4° 0"" B Wh — — HR 5597"
209,,VS,3359,4.6,,B,57,L,"209 O95 xX ? 4° 6"" B Wh — — VS 3359"
211,,HR,4585,,,,57,R,211 19 » ? 27 9 Bo Wh — — HR 4585
212,,C,2692,2.9,,,57,R,212 00 + OO 2° 9” BRB Wh — — C2692
216,,HR,2869,2.00,,,57,R,216 ro. # 2° oO” Bo Whoo — HR 2869
217,,VS,2374,,,B,57,R,"217 O85 G85 5 6"" B. Wh —_— — VS 2374"
221,,HR,6098,,,,57,R,"221 085 A ods + 0"" BRB. Wh — — HR 6098"
222,yes,HR,5656,,,,57,R,2220 75 + O75 x O° BL Wh — — HR 5656
223,,HR,5146,,,B,57,R,223 _ vo” 0” B Wh — — HR 5146
224,,HR,1951,4.0,08x08,B,57,R,224 08 ¥ 08 4° 0” B. Wh -- — HR 1951
225,,VS,2202,3.0,,B,57,R,225 09 * Og 3° 0” B Who — VS 2202
226,yes,B,605,,,,57,R,2230 0-90 og Ic’ 9” BRB Wh — _— B 605
231,,HR,4436,,,B,57,R,231 Os OY5 ro! B Whoo — — HR 4436
232,,DK,1892,,,B,57,R,232 O85 ¥ OSs oe B Wh — DK 1892
236,,HR,1365,47.0,10x1.0,B,57,R,236 10 ¥ 1-0 47° B. Wh — — HR 1365
237,,HR,5516,2.0,,,57,R,237° O75 “Os 2° 0” Bo Wh — — HR 5516
238,,HR,1673,,,,57,R,238 ro Mu Ff of O° Be Wh — — _ HR 1673
239,,HR,3792,6.0,,B,57,R,239 ros x? 6’ 0” B Who — HR 3792
240,,HR,4386,9.95,95x0.95,B,57,R,240 9°95 K 0-95 2° 0” B. Wh — — HR 4386
241,yes,L,476,5.0,2x5,,57,R,"aqgz tar x 2 , 5’ of) BO Wh — — L 476"
243,,VS,505,0.85,85x85,,57,R,243 '0°85 X85 2’ 0” BO Wh — — VS sos
245,,HR,5310,0.95,95x0,,57,R,245 ' 0°95 x 0°95 5’ 6” Bo OWh Oe — HR 5310
246,,HR,3506,3.0,,B,57,R,"246 ro xX 1-0 3° 0” B. Wh, — — _— HR 3506"
247,,HR,2595,3.0,247x0799,B,57,R,247. 079905 \ ? 3° 0” B. Wh — — HR 2595
249,,C,2327,6.0,,,57,R,249 O85 «OSS 1 6° Bo Whe = — C2327
251,,HR,5699,2.9,95x0.95,,57,R,251 O95 X 0-95 2’ 9” BRB Wh — HR 5699
252,,HR,2596,3.0,,B,57,R,252 O95 % G5 3° 0” B Wh — — HR 2596
253,,HR,4402,3.0,,B,57,R,"253 O85 > O85 3° 0"" B Wh — — HR 4402"
254,,DK,160,5.0,99x09,B,57,R,254 O99 % 09 5’ 0” B Wh — -— DK 160
255,,HR,3010,1.2,,B,57,R,255 _ 1’ 2” B. Wh. — -=—= HR 3010
257,,HR,5772,7.0,,B,57,R,257 TO w 10 7° 0” B Wh — — HR 5772
258,,HR,6251,6.0,,B,57,R,258 _ 6° 0” B Wh — —— HR 6251
261,,E,268,5.6,,,57,R,"261 oS &% 08 5° 6"" Bo Wh - — £E 268"
262,,C,3201,,4x0,B,57,R,262 935 XK o8s 4/0” B Wh — — C3201
263,yes,L,161,,,,57,R,26g FY OSS so 0 Bo Wh — — L 161
265,,E,2484,5.8,,,57,R,"265 10 O53 5° 8"" Bo Who — E 2484"
266,yes,HR,4409,0.05,7x0,,57,R,"206 Gb 7, 0°05 8 BR Wh — — HR 4409"
267,,E,2494,2.0,,,57,R,267 95 OF 2’ 0” BRB Wh — — E 2494
269,,B,650,16.0,,B,57,R,269 06 + OO 16° 0” B Wh — — B 650
270,,C,2372,4.0,,B,57,R,"270 35 2% OS 4° 0"" B Wh — — C 2372"
272,,L,316,,,B,57,R,272 OF 6 O§ BLP. B Wh — — L 316
273,,DK,2294,10.0,273x06,B,57,R,"273, 06 *% OO 10’ 0” B Wh — — DK 2294"
274,,C,1863,0.63,,,57,R,274 0°63 0-6 5° O° Bo Wh — — C1863
275,,L,899,,06x0.2,,57,R,275 06 x 0-2 ro Bo Wh — — L 899
276,yes,HR,4244,,,B,57,R,270 a _ B. Wh — — HR 4244
277,,E,256,1.0,277x06,,57,R,"277, 06 06 1’ 0” Cc Wh — E 256"
278,yes,C,2766,,,B,58,L,2820 O75 Os sf 2” B. Wh — — C2766
279,yes,HR,4054,,,B,58,L,2830 O85 Los 2 5” B. Wh — — HR 4054
284,,C,3035,,,B,58,L,284 PF Kogs ? 4 0” B. Wh — — C3035
285,,HR,1804,,4x0,B,58,L,285 OF sw O7 4% 0” B. Wh — — HR 1804
286,,HR,37326,2.4,,,58,L,286 07 KO-7 2’ 4” BR. Wh. _ — HR 37326
287,,C,1956,3.6,,,58,L,"287) O75 O75 3° 6"" Bo Wh — — C1956"
288,yes,C,2823,,,B,58,L,283 075 “075 4 0” B. Wh. - — C2823
291,,VS,2852,2.6,,,58,L,"291 _ 2’ 6"" > Wh — — VS 2852"
292,,E,388,3.3,,,58,L,292 07 MOT 3° 3” Bo Wh — — &E 388
293,,HR,4629,4.0,,B,58,L,"293 o8sS we? 4° 0"" B. Wh — — HR 4629"
295,,VS,3172,,,,58,L,295 OF % OF _ Bo Wh -- — VS 3172
296,,E,976,7.9,,,58,L,296 O75 *% ? 7’ 9” RB Wh — E 976
297,,BJ,8,,,,58,L,297 _ —_— — — _— —! BJ 8
298,,HR,3841,6.0,,,58,L,298 _— 6’ 0” Bo Wh — — |'HR 3841
299,,HR,5788,4.0,,,58,L,299 _ 4° 0” Bo Wh — — HR 5788
300,yes,E,323,6.0,,B,58,L,390 OBS KO? 6’ 0” B Wh — — E 323
301,,C,2024,5.3,,B,58,L,301 O25 x ? 5° 3° B. Wh — — C2024
302,,DK,3205,9.90,,,58,L,"302 -9'90§ K O'”9 2’ 2"" Bo Wh — — DK 3205"
304,,L,385,surface,,,58,L,304 OX TO Sur. Bo Who — L 385
305,,HR,5225,,,,58,L,"305 7S WN OTE 3"" 0” Bo Wh — HR 5225"
306,,HR,5193,5.3,,,58,L,306 oer X 105 5’ 3” Bo Wh — -— HR 5193
307,yes,L,351,0.95,4x0,B,58,L,3907 O'G5 & 0°95 4/0” B Wh — — %L 351
308,,C,2767,,,,58,L,308 08 x of > Bo Wh — C2767
309,yes,HR,4393,3.29,,,58,L,3°29 og 00° HH Wh — — HR 4393
310,,DK,1542,8.00,,,58,L,310 O85 KH OSs 8’ oO” Bo Wh = =— = — DK 1542
311,yes,HR,4503,,,C,58,L,grr 08 K O8 —_ C. Wh — — = HR 4503
313,,VS,2543,2.3,,,58,L,"313 ogo we? 2° 3"" B. _ _ — VS 2543"
314,,VS,1754,3.0,,,58,L,314 Ow ro 3’ 0” Bo Wh — — VS 1754
317,,HR,583,3.0,,,58,L,3I7 or KAI 3’ 0” BO Wh — — HR 583
318,yes,HR,4364,3.6,,,58,L,gr ergs K O35 3’ 6” Bo OWh — HR 4364
319,yes,HR,5949,10.0,,,58,L,31g FOS KGS) 10’ 0” Bo Wh — — HR 5949
320,,HR,1793,,,,58,L,320 085 x a8s 3 0” Bo WhO — HR 1793
322,,HR,4318,2.0,,,58,L,322 er tora 2’ 0’ Bo Wh — — HR 4318
323,,HR,4387,0.95,,,58,L,323 O95 4 0°95 2’ 9” Bo Wh — — HR 4387
324,yes,HR,4098,6.3,,,58,L,32402 Kee 6’ 3° BR Wh — — HR 4098
325,,DK,2797,2.9,,,58,L,325 Wr «Ke mr 2’ 9” Bo Wh — — DK 2797
326,yes,DK,0209,,,,58,L,"320 OY ro v6"" BL Wh DK o209"
328,,DK,681,2.3,,,58,L,328 og - F 2° 3” Bo Wh — — DK 681
329,,HR,4348,3.3,,,58,L,329 rr of F 3° 3” BRB Whe — — HR 4348
330,yes,VS,3093,,,B,58,L,"BRr ea oe ren + 6"" B Wh — — VS 3093"
331,yes,VS,3026,,,B,58,L,"3330-35 8 13 & 6"" B Wh — — VS 3026"
335,,HR,2657,,,,58,L,335 Mss. tgs — B OWh OS — HR 2657
336,,E,1846,,,B,58,L,336 O75 + O75 _ B Who — — E 1846
337,,B,588,8.6,,B,58,L,337 oS 15s 8’ 6” B Wh — B 588
338,,HR,5028,5.0,,,58,L,338 35 + 13 5’ 0” Bo Who = — HR 5028
339,,DK,2137,,7x0,,58,L,339 Ie 7/0” BOW — — DK 2137
340,,HR,3080,3.3,,,58,L,340 ZN rag 3° 3” BL Wh — — HR 3080
341,yes,L,386,surface,,B,58,L,B4E0 OB + 32 Sur. B. Who — L 386
342,yes,HR,5992,4.00,,,58,L,"B42 Th ng 4°00"" Bo Whoo = — HR 5992"
343,yes,HR,4433,6.0,,,58,L,R430 GS + 14 r 6° Bo Wh — HR 4433
344,yes,C,2853,,,,58,L,34h oe dt $° 0% Bo Wh -~ — C2853
345,yes,HR,5635,,,,58,L,"BAS a3 4 0"" BRB Wh —— HR 5635"
348,,VS,1438,4.00,,,58,L,"348 035 - ? 4°00"" Bo Wr —- — VS 1438"
349,,C,1893,2.6,,,58,L,"349° «1G 7% * 2’ 6"" BO OWE _ — C1893"
350,yes,DK,426,8.0,,,58,L,B59 OF 27 2 8° — Wh -- — DK 426
351,yes,HR,27,3.0,,,58,R,: - 3 °” . Ww _ HR 27
352,yes,VS,1753,,,,58,R,i85 ro x02 v2 - ee VS 1753
353,yes,E,334,,,,58,R,et xe ar —- _ E 334
354,yes,BJ,4,,,F,58,R,7 235 a or F. Wh. _ _ BJ 4
355,yes,HR,6184,,,F,58,R,": ie O65 8"" 6 F. Who. HR 6184"
356,yes,HR,354,,,,58,R,wo “ ong Ro °” F. BL — _ HR 354
357,yes,DK,55,,3x6,,58,R,"ino Sos 3, 6” - Wh — DK 55"
358,yes,VS,1082,3.0,,,59,L,421 145 MOGs 3° 0” FL Wh — — VS 1082
359,yes,HR,6210,,,,59,L,"422 095 K O45 6"" oO” FY. — — HR 6210"
360,yes,C,2056,1.9,,,59,L,423 _ 1’ 9” FO Wh — — C2056
361,yes,HR,2780,0.95,95x073,F,59,L,425 0°95 K 073 6° 0” F. Wh — — HR 2780
362,yes,HR,1574,2.6,,,59,L,"420 155 X Ogg 2’ 6"" FF, Wh — — HR 1s74"
363,yes,DK,2732,4.0,,,59,L,"427, O99 KOS 4° 0” F. OBL. _— — DK 2732"
364,yes,VS,1681,3.6,,,59,L,"428 065 % Og 3° 6” F, Wh -— — _ VS 1681"
365,yes,E,2475,1.65,429x1,,59,L,"429 , 1°65 3% 0-6 9’ 0” Fo Wh — — E2475"
366,yes,HR,116,1.0,,,59,L,431 165 X o7 1’ 0” | ro _ R. HR 116
367,yes,HR,5260,4.0,,,59,L,"43% PK Og 4’ 0” F, |} Wh — — HR 5260"
368,yes,HR,425,4.0,12x075,,59,L,"433 12 X 075 4’ 0"" F. | BL — — HR 425"
369,yes,VS,1694,2.6,,,59,L,434) Po XO 2’ 6” F. ' Wh — — VS 1694
370,yes,HR,2674,3.6,436x12,,59,L,"436.12 X O65 3° 6"" F, Wh — — HR 2674"
371,yes,C,554,3.2,,,59,L,"437 109 XO5 3° 2"" BL —- — C554"
372,yes,E,1095,1.9,,,59,L,438 14 KX O6 1’ 9” Fo’ Wh — — E1095
373,yes,DK,1638,,,,59,L,"439 O95 X O45 $’ 9” F, Wh — — _ DK 1638"
374,yes,HR,5248,5.0,,,59,L,"441 OS X Os 5’ 0” D, . Br. _— — HR 5248"
375,yes,HR,3732,,105x04,,59,L,442) 105 X 04 3 0” D. BL — — HR 3732
376,yes,HR,4434,,,B,59,L,443 _ Vv 6” B Wh — — HR 4434
377,yes,VS,3454,,,,59,L,"444 0S X 045 2 3” F, Wh — — VS 3454"
378,yes,L,650,5.0,,,59,L,"445, FP XK O55 5° 0” KF. Wh -—- — L 650"
379,yes,HR,350,3.0,,,59,L,4465 2 Xasg 3° 0” F. ' Wh -—- — HR 350
380,yes,VS,2289,6.4,,F,59,L,447 65 XOgS 6’ 4” F. Wh — — VS 2289
381,yes,DK,597,6.0,,,59,L,449 EX OF 6° 0” =F.) Wh — — DK 597
382,yes,VS,880,2.6,,B,59,L,45r 1r2g5X ? 2’ 6” B Wh — — VS 880
383,yes,B,290,,,,59,L,"452 — X25 3 Oo” F, Wh —- — B 290"
384,yes,HR,3478,,453x12,,59,L,"453.12 X 065 3 0” F, BL _— — HR 3478"
385,yes,L,291,surface,,,59,L,"454 _ Sur, Fr Wh — — L 291"
386,yes,HR,4373,4.0,,,59,L,"455 2 > O65 4° 0"" FL. Wh — — HR 4373"
387,yes,C,204,5.6,,,59,L,"456 96 X O25 5’ 6"" ro Wh —- — C 204"
388,yes,VS,3553,10.0,105x06,F,59,L,457 105 X 06 10’ 0” F Wh — — VS 3553
389,yes,SD,1962,1.55,55x02,F,59,L,458 1°55 X 02 8’ 4” F. Wh — — SD 1962
390,yes,VS,208,3.1,,D,59,L,459 07 X ? 3° 1” D Wh — — VS 208
391,yes,VS,2846,9.6,,,59,L,"460 09 XO7 9’ 6"" I. Wh — — _ VS 2846"
392,yes,HR,4459,2.0,,,59,L,"4q6r PF X06 2’ 0” F, Wh — — HR 4459"
393,yes,HR,3767,6.0,,,59,L,"462 > x65: 6’ 0” F, BL — — HR 3767"
394,yes,VS,953,3.6,,F,59,L,4635 2 xX 65 3° 6” F. Wh — — VS 953
395,yes,HR,4109,0.6,,,59,L,464 45 XK 0'6 a’ 5” Fo Wh — — HR 4109
396,yes,VS,2100,1.0,,F,59,L,465 16 065 1’ 0” F. Wh — — VS 2100
397,yes,DK,1291,1.0,,F,59,L,466 15 K O6S 1’ 0” F. Wh — — DK 1291
398,yes,C,1878,6.0,18x075,,59,L,"467 18 K075 3/ 6’ F. Gr, _ — C1878"
399,yes,HR,4285,4.0,,,59,L,468 rg X O55 4’ 0” Fr. Wh — — HR 4285
400,yes,HR,3689,10.0,,F,59,L,469 rer 06 10’ 0” F. Wh — — HR 3689
401,yes,HR,4237,1.6,17x06,,59,L,479 17 X 06s 1’ 6” Fo Wh — — HR 4237
402,yes,HR,22480,,,,59,L,471 O7 X O7 y’ 0” Cc Wh — — HR 22480
403,yes,HR,2240,9.0,,,59,L,472 O07 XO7 9’ 0” CG Wh — — HR 2240
404,yes,HR,2240,9.3,,G,59,L,473 97 KO?7 9’ 3” G Wh — — HR 2240
405,yes,E,954,3.8,,,59,L,"476 OF XO7 3° 8"" C. BL -- — eE§E 9S4"
406,yes,C,2631,,96x06,,59,L,477 96 X06 ? CQ Wh — — C 2631
407,yes,VS,3927,3.0,,,59,L,478 = Dm. 1-25 3’ 0” H. Wh — — VS 3927
408,yes,E,1097,,7x06,,59,L,480 7 X 06 ? B. OBL _ — E 1097
409,yes,HR,1400,,,,59,L,"4q82 O55 “OSs g 4"" BK Whe — HR 1400"
410,yes,B,331,,,,59,L,483 —_ _— — Y. _— — B 331
411,yes,C,1387,,,,59,L,"4qso _ Vv 6"" — Wh — — C1387"
412,yes,HR,4394,,,,59,L,437 Os fools _ B. B! _— — HR 4394
413,yes,HR,2939,,,,59,L,406 — eo! Bo OWh = — — HR 2939
414,yes,DK,505,6.0,,,59,R,492 — 6’ 0” Bo Wh — DK sos
415,yes,VS,050,6.0,,,59,R,"493 1r2gy ? 2 6° BL Wh, - — VS oso"
416,yes,VS,3531,,,,59,R,"497 _ 0"" BC) Wh -- -— VS 3531"
417,yes,E,2528,,,,59,R,"498? 3 ogg roo F, BL --- — E2528"
418,yes,DK,2363,5.9,,B,59,R,499 _ 5’ 9” B Wh — DK 2363
419,yes,HR,5572,3.4,1x06,,59,R,"$02 06 1% 06 3° 4"" RE Wh — : HR 5572"
420,yes,HR,5593,,,,59,R,"504 O75 XX O75 3 0"" F, — Y. -- HR 5593"
421,yes,DM,7,5.3,65x065,,59,R,505 O65 X 065 5° 3” FE. — Wh -- DM 7
422,yes,HR,4503,,,G,59,R,508 08 x O8 _ G Wh — —- HR 4503
423,yes,HR,6163,9.65,,,59,R,509 9°65 & 0°65 6’ 9” E. — Wh --- HR 6163
424,yes,HR,6628,4.0,,,59,R,"5IO O§s > Ogg 4° 0"" KE. — YY. -- HR 6628"
425,yes,HR,1064,12.0,,,59,R,5Ig OF MOT 12° 0” }. — Y. — HR 1064
426,yes,HR,1,surface,65x0.65,,59,R,"5G O65 K 0-65 Sur, E, — Gr. ~—— HR I"
427,yes,HR,6207,6.9,,,59,R,520 O55 X O55 6’ 9” E._ Br. _ — HR 6207
428,yes,VS,1278,5.0,,,59,R,52r O55 X O55 5’ 0” E. —- Y — VS 1278
429,yes,DK,1298,surface,,,59,R,"522 FX 06 Sur. F, BL _ — DK 1298"
430,yes,VS,928,5.0,523x2,,59,R,"523, 2? KO6 5’ 0” G — Y¥. — VS 928"
431,yes,B,594,,3x0,,59,R,"524 _ ""3% 0” G — = Y¥. — B 594"
432,yes,E,1261,,,,59,R,525 _ _ G. — yY. — E 1261
433,yes,E,492,3.6,,,59,R,"526 07 KX O7 3° 6"" G — ~~ ¥. — E 492"
434,yes,E,1998,5.3,,,59,R,527 Dm. 0-75 5’ 3” jE Whoo — — E 1998
435,yes,HR,3388,2.0,,,59,R,"528 OF XO7 2’ 0” G — Y, — HR 3388"
436,yes,VS,3459,4.0,,,59,R,5284 a7 O75 4’ 0” gE. — Y. — VS 3459
437,yes,HR,4985,3.0,,,59,R,$3JO Fk ORE 3° Cc” A. tory — — HR 4985
438,yes,DK,2666,4.0,,,59,R,"5st F 4 OB 4° 0"" A. Ihory — — DK 2666"
439,yes,VS,958,10.9,,,59,R,533 B75 8 OB 10° 9” aA. Ivory — — VS 958
440,yes,DK,1543,8.0,35x138,B,59,R,S34 35K 138 8’ 0” B Wh — — DK 1543
441,yes,VS,665,2.6,,,59,R,"$35 r2 wre 2’ 6"" Bo Wh — — VS 665"
442,yes,HR,5787,6.0,,,59,R,$30 GT ow rt 6’ 0” BO Wh — — HR 5787
443,yes,VS,4955,3.0,,,59,R,S37 bIS Yes 3’ 0” Bo Wh — — VS 4955
444,yes,C,2972,4.0,,,59,R,"538 ojo ? 4° 0"" BO Wh — — C 2972"
445,yes,HR,49,,,,59,R,$41 12 + 2 aon Bo Whoo — HR 49
446,yes,HR,2022,,,,59,R,545 —_ _ Bo Whe — -- HR 2022
447,yes,HR,4399,,,,59,R,SSI cq . 228 zoe Ro Wh. -- -- HR 4399
